<?xml version="1.0" encoding="utf-8"?>
<root>
	<title><![CDATA[自定义链接]]></title>
	<identifier><![CDATA[linkurl]]></identifier>
	<field_type><![CDATA[varchar]]></field_type>
	<note><![CDATA[请填写链接地址，外链请输入http://或https://]]></note>
	<form_type><![CDATA[text]]></form_type>
	<form_style><![CDATA[]]></form_style>
	<format><![CDATA[safe]]></format>
	<content><![CDATA[]]></content>
	<ext>
		<form_btn><![CDATA[url]]></form_btn>
		<width><![CDATA[500]]></width>
		<ext_quick_words><![CDATA[]]></ext_quick_words>
		<ext_quick_type><![CDATA[]]></ext_quick_type>
	</ext>
</root>