<?xml version="1.0" encoding="utf-8"?>
<root>
	<title><![CDATA[网址打开方式]]></title>
	<identifier><![CDATA[target]]></identifier>
	<field_type><![CDATA[varchar]]></field_type>
	<note><![CDATA[请选择是在新窗口或是当前窗口打开网址]]></note>
	<form_type><![CDATA[radio]]></form_type>
	<form_style><![CDATA[]]></form_style>
	<format><![CDATA[]]></format>
	<content><![CDATA[_self]]></content>
	<ext>
		<option_list><![CDATA[opt:6]]></option_list>
		<put_order><![CDATA[0]]></put_order>
		<ext_select><![CDATA[]]></ext_select>
	</ext>
</root>