<?xml version="1.0" encoding="utf-8"?>
<root>
	<arclist>
		<title>列表</title>
		<showid>pid,offset,psize,is_list,attr,fields_need,tag,keywords,orderby,fields</showid>
		<ajax>load_catelist</ajax>
	</arclist>
	<arc>
		<title>内容</title>
		<showid>title_id</showid>
	</arc>
	<total>
		<title>主题数量</title>
		<showid>pid,attr,fields_need,tag,keywords</showid>
		<ajax>load_catelist</ajax>
	</total>
	<cate>
		<title>分类信息</title>
		<showid>pid</showid>
		<ajax>load_catelist2</ajax>
	</cate>
	<catelist>
		<title>分类树</title>
		<showid>pid</showid>
		<ajax>load_catelist2</ajax>
	</catelist>
	<subcate>
		<title>子分类</title>
		<showid>pid,offset,psize</showid>
		<ajax>load_catelist2</ajax>
	</subcate>
	<project>
		<title>项目信息</title>
		<showid>pid</showid>
		<ajax>load_project</ajax>
	</project>
	<sublist>
		<title>子项目信息</title>
		<showid>pid</showid>
		<ajax>load_project4</ajax>
	</sublist>
	<parent>
		<title>父级项目</title>
		<showid>pid</showid>
		<ajax>load_project3</ajax>
	</parent>
	<fields>
		<title>字段及表单</title>
		<showid>pid,fields_format</showid>
		<ajax>load_project2</ajax>
	</fields>
	<user>
		<title>会员</title>
		<showid>user_ext</showid>
	</user>
	<userlist>
		<title>会员列表</title>
		<showid>usergroup,user_ext,user,offset,psize</showid>
	</userlist>
	<sql>
		<title>自定义SQL</title>
		<showid>is_list,sqlinfo</showid>
	</sql>
</root>