<?xml version="1.0" encoding="utf-8"?>
<root>
	<index-index>
		<title><![CDATA[首页]]></title>
		<default><![CDATA[index]]></default>
	</index-index>
	<cart-index>
		<title><![CDATA[购物车页]]></title>
		<default><![CDATA[cart_index]]></default>
	</cart-index>
	<cart-tip>
		<title><![CDATA[购物车为空提示页]]></title>
		<default><![CDATA[cart_tip]]></default>
	</cart-tip>
	<cart-checkout>
		<title><![CDATA[购物车结算页]]></title>
		<default><![CDATA[cart_checkout]]></default>
	</cart-checkout>
	<comment-index>
		<title><![CDATA[评论页]]></title>
		<default><![CDATA[comment]]></default>
	</comment-index>
	<login-sms>
		<title><![CDATA[会员短信登录页]]></title>
		<default><![CDATA[login_sms]]></default>
	</login-sms>
	<login-email>
		<title><![CDATA[会员邮件验证码登录]]></title>
		<default><![CDATA[login_email]]></default>
	</login-email>
	<login-index>
		<title><![CDATA[会员登录]]></title>
		<default><![CDATA[login]]></default>
	</login-index>
	<login-open>
		<title><![CDATA[弹出窗口登录]]></title>
		<default><![CDATA[login_open]]></default>
	</login-open>
	<login-smspass>
		<title><![CDATA[短信取回密码]]></title>
		<default><![CDATA[login_smspass]]></default>
	</login-smspass>
	<login-getpass>
		<title><![CDATA[邮件取回密码]]></title>
		<default><![CDATA[login_getpass]]></default>
	</login-getpass>
	<login-repass>
		<title><![CDATA[邮件重置密码]]></title>
		<default><![CDATA[login_repass]]></default>
	</login-repass>
	<order-index>
		<title><![CDATA[订单列表页]]></title>
		<default><![CDATA[order_list]]></default>
	</order-index>
	<order-info>
		<title><![CDATA[订单明细页]]></title>
		<default><![CDATA[order_info]]></default>
	</order-info>
	<order-payment>
		<title><![CDATA[订单支付页]]></title>
		<default><![CDATA[order_payment]]></default>
	</order-payment>
	<order-comment>
		<title><![CDATA[订单评论页]]></title>
		<default><![CDATA[order_comment]]></default>
	</order-comment>
	<payment-index>
		<title><![CDATA[在线充值页]]></title>
		<default><![CDATA[payment_index]]></default>
	</payment-index>
	<register-index>
		<title><![CDATA[会员注册页]]></title>
		<default><![CDATA[register]]></default>
	</register-index>
	<search-index>
		<title><![CDATA[搜索页]]></title>
		<default><![CDATA[search_index]]></default>
	</search-index>
	<search-list>
		<title><![CDATA[搜索结束页]]></title>
		<default><![CDATA[search_list]]></default>
	</search-list>
	<tag-index>
		<title><![CDATA[Tag列表页]]></title>
		<default><![CDATA[tag]]></default>
	</tag-index>
	<usercp-index>
		<title><![CDATA[会员中心]]></title>
		<default><![CDATA[usercp]]></default>
	</usercp-index>
	<usercp-info>
		<title><![CDATA[会员信息]]></title>
		<default><![CDATA[usercp_info]]></default>
	</usercp-info>
	<usercp-passwd>
		<title><![CDATA[会员密码修改]]></title>
		<default><![CDATA[usercp_passwd]]></default>
	</usercp-passwd>
	<usercp-email>
		<title><![CDATA[会员邮箱修改]]></title>
		<default><![CDATA[usercp_email]]></default>
	</usercp-email>
	<usercp-mobile>
		<title><![CDATA[会员手机号修改]]></title>
		<default><![CDATA[usercp_mobile]]></default>
	</usercp-mobile>
	<usercp-list>
		<title><![CDATA[会员默认列表]]></title>
		<default><![CDATA[usercp_list]]></default>
	</usercp-list>
	<usercp-address>
		<title><![CDATA[会员地址列表]]></title>
		<default><![CDATA[usercp_address]]></default>
	</usercp-address>
	<usercp-address2>
		<title><![CDATA[会员地址设置]]></title>
		<default><![CDATA[usercp_address_setting]]></default>
	</usercp-address2>
	<usercp-fav>
		<title><![CDATA[会员收藏夹]]></title>
		<default><![CDATA[usercp_fav]]></default>
	</usercp-fav>
	<usercp-avatar>
		<title><![CDATA[会员头像修改]]></title>
		<default><![CDATA[usercp_avatar]]></default>
	</usercp-avatar>
	<usercp-introducer>
		<title><![CDATA[会员推广页]]></title>
		<default><![CDATA[usercp_introducer]]></default>
	</usercp-introducer>
	<usercp-wealth>
		<title><![CDATA[会员财富页]]></title>
		<default><![CDATA[usercp_wealth]]></default>
	</usercp-wealth>
	<userlist-index>
		<title><![CDATA[会员列表显示]]></title>
		<default><![CDATA[userlist]]></default>
	</userlist-index>
	<user-index>
		<title><![CDATA[会员显示页]]></title>
		<default><![CDATA[user]]></default>
	</user-index>
</root>