<?xml version="1.0" encoding="utf-8"?>
<root>
	<system>
		<title><![CDATA[系统设置]]></title>
		<list>
			<login>
				<title><![CDATA[登录]]></title>
				<status><![CDATA[1]]></status>
			</login>
			<register>
				<title><![CDATA[注册]]></title>
				<status><![CDATA[1]]></status>
			</register>
			<getpass>
				<title><![CDATA[密码取回]]></title>
				<status><![CDATA[1]]></status>
			</getpass>
		</list>
	</system>
	<p-43>
		<title><![CDATA[资讯中心]]></title>
		<list>
			<add>
				<title><![CDATA[添加]]></title>
				<status><![CDATA[1]]></status>
			</add>
			<edit>
				<title><![CDATA[修改]]></title>
				<status><![CDATA[1]]></status>
			</edit>
			<comment>
				<title><![CDATA[评论]]></title>
				<status><![CDATA[1]]></status>
			</comment>
		</list>
	</p-43>
	<p-142>
		<title><![CDATA[友情链接]]></title>
		<list>
			<add>
				<title><![CDATA[添加]]></title>
				<status><![CDATA[1]]></status>
			</add>
			<edit>
				<title><![CDATA[修改]]></title>
				<status><![CDATA[]]></status>
			</edit>
			<comment>
				<title><![CDATA[评论]]></title>
				<status><![CDATA[1]]></status>
			</comment>
		</list>
	</p-142>
	<p-96>
		<title><![CDATA[在线留言]]></title>
		<list>
			<add>
				<title><![CDATA[添加]]></title>
				<status><![CDATA[1]]></status>
			</add>
			<edit>
				<title><![CDATA[修改]]></title>
				<status><![CDATA[1]]></status>
			</edit>
			<comment>
				<title><![CDATA[评论]]></title>
				<status><![CDATA[]]></status>
			</comment>
		</list>
	</p-96>
	<p-152>
		<title><![CDATA[论坛BBS]]></title>
		<list>
			<add>
				<title><![CDATA[添加]]></title>
				<status><![CDATA[]]></status>
			</add>
			<edit>
				<title><![CDATA[修改]]></title>
				<status><![CDATA[]]></status>
			</edit>
			<comment>
				<title><![CDATA[评论]]></title>
				<status><![CDATA[]]></status>
			</comment>
		</list>
	</p-152>
	<p-386>
		<title><![CDATA[银行汇款]]></title>
		<list>
			<add>
				<title><![CDATA[添加]]></title>
				<status><![CDATA[1]]></status>
			</add>
			<edit>
				<title><![CDATA[修改]]></title>
				<status><![CDATA[1]]></status>
			</edit>
			<comment>
				<title><![CDATA[评论]]></title>
				<status><![CDATA[1]]></status>
			</comment>
		</list>
	</p-386>
</root>